Saat;Uzama;Yük;Çekme gerilmesi;Çekme gerinimi
(sec);(mm);(N);(MPa);(mm/mm)
0,00000;0,00000;0,81214;0,07813;0,00000
0,10000;0,00087;1,00657;0,09683;0,00009
0,20000;0,00262;5,33452;0,51318;0,00028
0,30000;0,00500;5,81748;0,55964;0,00052
0,40000;0,00687;6,14992;0,59162;0,00072
0,50000;0,00806;7,71803;0,74248;0,00085
0,60000;0,00994;9,41157;0,90539;0,00104
0,70000;0,01194;10,45906;1,00616;0,00125
0,80000;0,01331;11,56926;1,11296;0,00140
0,90000;0,01469;12,52266;1,20468;0,00154
1,00000;0,01681;13,32553;1,28192;0,00176
1,10000;0,01862;14,09703;1,35614;0,00195
1,20000;0,01981;14,85599;1,42915;0,00208
1,30000;0,02156;16,48681;1,58603;0,00226
1,40000;0,02356;17,48411;1,68197;0,00247
1,50000;0,02512;18,16154;1,74714;0,00264
1,60000;0,02637;18,97693;1,82558;0,00277
1,70000;0,02850;20,80221;2,00117;0,00299
1,80000;0,03025;21,66778;2,08444;0,00317
1,90000;0,03156;22,77798;2,19124;0,00331
2,00000;0,03319;23,80665;2,29020;0,00348
2,10000;0,03525;24,89178;2,39459;0,00370
2,20000;0,03694;25,92045;2,49355;0,00388
2,30000;0,03806;26,57906;2,55691;0,00399
2,40000;0,04012;28,24124;2,71681;0,00421
2,50000;0,04181;28,13460;2,70655;0,00439
2,60000;0,04331;29,34516;2,82301;0,00454
2,70000;0,04475;29,94731;2,88093;0,00470
2,80000;0,04687;30,43029;2,92740;0,00492
2,90000;0,04862;30,93835;2,97627;0,00510
3,00000;0,04975;31,82902;3,06195;0,00522
3,10000;0,05175;33,88636;3,25987;0,00543
3,20000;0,05344;35,14085;3,38055;0,00561
3,30000;0,05512;36,53958;3,51511;0,00578
3,40000;0,05637;38,00106;3,65571;0,00592
3,50000;0,05850;40,21518;3,86870;0,00614
3,60000;0,06031;41,55748;3,99783;0,00633
3,70000;0,06144;42,57360;4,09558;0,00645
3,80000;0,06331;43,93472;4,22652;0,00664
3,90000;0,06512;45,36482;4,36410;0,00683
4,00000;0,06687;46,63183;4,48599;0,00702
4,10000;0,06806;47,03954;4,52521;0,00714
4,20000;0,07012;48,65155;4,68028;0,00736
4,30000;0,07194;50,11300;4,82088;0,00755
4,40000;0,07319;50,75906;4,88303;0,00768
4,50000;0,07494;51,99471;5,00190;0,00786
4,60000;0,07681;53,38718;5,13585;0,00806
4,70000;0,07862;54,61029;5,25351;0,00825
4,80000;0,07975;55,53234;5,34222;0,00837
4,90000;0,08175;57,16316;5,49910;0,00858
5,00000;0,08356;58,26082;5,60470;0,00877
5,10000;0,08494;59,99827;5,77184;0,00891
5,20000;0,08650;60,95793;5,86416;0,00908
5,30000;0,08844;62,56993;6,01923;0,00928
5,40000;0,09025;64,10666;6,16707;0,00947
5,50000;0,09144;64,59591;6,21413;0,00959
5,60000;0,09331;65,11651;6,26421;0,00979
5,70000;0,09519;64,75900;6,22982;0,00999
5,80000;0,09669;65,18553;6,27085;0,01015
5,90000;0,09806;65,26078;6,27809;0,01029
6,00000;0,10019;65,16669;6,26904;0,01051
6,10000;0,10194;64,87817;6,24129;0,01070
6,20000;0,10319;65,13533;6,26602;0,01083
6,30000;0,10487;65,49286;6,30042;0,01100
6,40000;0,10687;65,24825;6,27689;0,01121
6,50000;0,10844;65,17298;6,26965;0,01138
6,60000;0,10975;65,61831;6,31249;0,01152
6,70000;0,11187;65,26706;6,27870;0,01174
6,80000;0,11356;65,22315;6,27447;0,01192
6,90000;0,11487;65,49913;6,30102;0,01205
7,00000;0,11644;65,77512;6,32757;0,01222
7,10000;0,11856;64,73390;6,22741;0,01244
7,20000;0,12025;65,00990;6,25396;0,01262
7,30000;0,12137;65,72495;6,32275;0,01274
7,40000;0,12350;65,50541;6,30163;0,01296
7,50000;0,12519;65,36115;6,28775;0,01314
7,60000;0,12669;65,01616;6,25456;0,01329
7,70000;0,12812;65,71240;6,32154;0,01344
7,80000;0,13019;65,43640;6,29499;0,01366
7,90000;0,13194;65,22315;6,27447;0,01384
8,00000;0,13306;65,62457;6,31309;0,01396
8,10000;0,13506;65,63086;6,31369;0,01417
8,20000;0,13687;65,10396;6,26301;0,01436
8,30000;0,13844;65,02871;6,25577;0,01453
8,40000;0,13969;65,78139;6,32818;0,01466
8,50000;0,14181;65,27961;6,27990;0,01488
8,60000;0,14362;64,90326;6,24370;0,01507
8,70000;0,14481;65,90057;6,33964;0,01520
8,80000;0,14662;65,98211;6,34749;0,01539
8,90000;0,14850;65,59321;6,31007;0,01558
9,00000;0,15025;64,96599;6,24973;0,01577
9,10000;0,15137;65,23570;6,27568;0,01588
9,20000;0,15350;65,58069;6,30887;0,01611
9,30000;0,15525;65,37996;6,28956;0,01629
9,40000;0,15656;65,29214;6,28111;0,01643
9,50000;0,15819;65,76257;6,32637;0,01660
9,60000;0,16019;65,58695;6,30947;0,01681
9,70000;0,16200;65,19805;6,27206;0,01700
9,80000;0,16306;65,97585;6,34688;0,01711
9,90000;0,16506;65,63086;6,31369;0,01732
10,00000;0,16687;65,30469;6,28232;0,01751
10,10000;0,16825;65,67477;6,31792;0,01765
10,20000;0,16981;65,95701;6,34507;0,01782
10,30000;0,17187;65,73747;6,32395;0,01804
10,40000;0,17362;65,92565;6,34205;0,01822
10,50000;0,17475;66,00721;6,34990;0,01834
10,60000;0,17662;65,69359;6,31973;0,01853
10,70000;0,17850;65,81903;6,33180;0,01873
10,80000;0,18006;65,69985;6,32033;0,01889
10,90000;0,18137;66,38353;6,38610;0,01903
11,00000;0,18356;66,00092;6,34930;0,01926
11,10000;0,18531;65,76884;6,32697;0,01945
11,20000;0,18650;66,22672;6,37102;0,01957
11,30000;0,18825;66,30199;6,37826;0,01975
11,40000;0,19019;66,06365;6,35533;0,01996
11,50000;0,19181;66,13263;6,36197;0,02013
11,60000;0,19306;65,93820;6,34326;0,02026
11,70000;0,19519;66,03857;6,35292;0,02048
11,80000;0,19694;66,06365;6,35533;0,02067
11,90000;0,19825;66,10127;6,35895;0,02080
12,00000;0,19987;66,72225;6,41869;0,02097
12,10000;0,20187;65,55559;6,30645;0,02118
12,20000;0,20356;65,95075;6,34447;0,02136
12,30000;0,20475;66,16400;6,36498;0,02148
12,40000;0,20681;66,43999;6,39153;0,02170
12,50000;0,20850;65,84411;6,33421;0,02188
12,60000;0,21000;66,55289;6,40239;0,02204
12,70000;0,21144;66,34591;6,38248;0,02219
12,80000;0,21356;66,03857;6,35292;0,02241
12,90000;0,21531;66,20791;6,36921;0,02259
13,00000;0,21637;66,54663;6,40179;0,02270
13,10000;0,21837;66,14518;6,36317;0,02291
13,20000;0,22012;66,20791;6,36921;0,02310
13,30000;0,22181;65,80648;6,33059;0,02328
13,40000;0,22306;66,72225;6,41869;0,02341
13,50000;0,22519;66,08875;6,35774;0,02363
13,60000;0,22700;65,91938;6,34145;0,02382
13,70000;0,22812;66,52153;6,39938;0,02394
13,80000;0,22994;66,82260;6,42834;0,02413
13,90000;0,23181;66,36472;6,38429;0,02432
14,00000;0,23356;66,21419;6,36981;0,02451
14,10000;0,23475;66,17655;6,36619;0,02463
14,20000;0,23687;66,43999;6,39153;0,02486
14,30000;0,23869;65,61205;6,31189;0,02505
14,40000;0,23981;66,15773;6,36438;0,02516
14,50000;0,24150;66,43371;6,39093;0,02534
14,60000;0,24350;65,63712;6,31430;0,02555
14,70000;0,24531;65,80020;6,32999;0,02574
14,80000;0,24637;66,50898;6,39817;0,02585
14,90000;0,24844;66,67208;6,41386;0,02607
15,00000;0,25031;66,20791;6,36921;0,02627
15,10000;0,25156;66,22672;6,37102;0,02640
15,20000;0,25312;66,59681;6,40662;0,02656
15,30000;0,25512;65,80648;6,33059;0,02677
15,40000;0,25694;66,08246;6,35714;0,02696
15,50000;0,25812;66,10756;6,35955;0,02709
15,60000;0,26000;65,95075;6,34447;0,02728
15,70000;0,26194;66,15773;6,36438;0,02749
15,80000;0,26331;66,20164;6,36860;0,02763
15,90000;0,26469;66,62817;6,40964;0,02777
16,00000;0,26681;65,73121;6,32335;0,02800
16,10000;0,26862;65,64967;6,31551;0,02819
16,20000;0,26981;66,12011;6,36076;0,02831
16,30000;0,27156;66,18910;6,36740;0,02850
16,40000;0,27356;66,26437;6,37464;0,02871
16,50000;0,27512;66,07620;6,35654;0,02887
16,60000;0,27637;66,13892;6,36257;0,02900
16,70000;0,27850;66,20791;6,36921;0,02922
16,80000;0,28025;66,03857;6,35292;0,02941
16,90000;0,28156;66,26437;6,37464;0,02954
17,00000;0,28312;66,52153;6,39938;0,02971
17,10000;0,28525;66,15773;6,36438;0,02993
17,20000;0,28694;66,09501;6,35835;0,03011
17,30000;0,28806;66,65953;6,41265;0,03023
17,40000;0,29012;66,24556;6,37283;0,03044
17,50000;0,29181;65,64967;6,31551;0,03062
17,60000;0,29331;66,20164;6,36860;0,03078
17,70000;0,29475;66,37727;6,38550;0,03093
17,80000;0,29687;66,25808;6,37403;0,03115
17,90000;0,29862;66,03857;6,35292;0,03134
18,00000;0,29975;66,58426;6,40541;0,03145
18,10000;0,30175;65,75631;6,32576;0,03166
18,20000;0,30344;65,92565;6,34205;0,03184
18,30000;0,30512;65,89429;6,33904;0,03202
18,40000;0,30637;66,80379;6,42653;0,03215
18,50000;0,30850;66,28945;6,37705;0,03237
18,60000;0,31031;65,95701;6,34507;0,03256
18,70000;0,31144;66,52153;6,39938;0,03268
18,80000;0,31331;66,40863;6,38852;0,03288
18,90000;0,31512;66,41489;6,38912;0,03307
19,00000;0,31687;66,38353;6,38610;0,03325
19,10000;0,31806;66,17028;6,36559;0,03337
19,20000;0,32019;66,31454;6,37947;0,03360
19,30000;0,32194;65,90683;6,34024;0,03378
19,40000;0,32319;66,63443;6,41024;0,03391
19,50000;0,32487;66,97315;6,44282;0,03409
19,60000;0,32675;65,98837;6,34809;0,03429
19,70000;0,32862;66,48391;6,39576;0,03448
19,80000;0,32969;66,69089;6,41567;0,03459
19,90000;0,33175;66,96687;6,44222;0,03481
20,00000;0,33356;66,27692;6,37585;0,03500
20,10000;0,33494;66,02602;6,35171;0,03515
20,20000;0,33650;66,54663;6,40179;0,03531
20,30000;0,33850;66,27692;6,37585;0,03552
20,40000;0,34031;66,37101;6,38490;0,03571
20,50000;0,34144;66,79751;6,42593;0,03583
20,60000;0,34337;66,45254;6,39274;0,03603
20,70000;0,34519;66,10756;6,35955;0,03622
20,80000;0,34675;66,18910;6,36740;0,03639
20,90000;0,34806;66,77243;6,42351;0,03652
21,00000;0,35019;66,55916;6,40300;0,03675
21,10000;0,35194;66,01973;6,35110;0,03693
21,20000;0,35312;66,42744;6,39033;0,03705
21,30000;0,35487;66,88533;6,43438;0,03724
21,40000;0,35687;66,16400;6,36498;0,03745
21,50000;0,35844;66,20164;6,36860;0,03761
21,60000;0,35975;66,29573;6,37766;0,03775
21,70000;0,36187;66,46507;6,39395;0,03797
21,80000;0,36356;66,53408;6,40059;0,03815
21,90000;0,36487;65,90057;6,33964;0,03829
22,00000;0,36644;66,56544;6,40360;0,03845
22,10000;0,36850;65,82530;6,33240;0,03867
22,20000;0,37025;66,31454;6,37947;0,03885
22,30000;0,37137;66,46507;6,39395;0,03897
22,40000;0,37350;66,79751;6,42593;0,03919
22,50000;0,37519;66,22672;6,37102;0,03937
22,60000;0,37669;66,41489;6,38912;0,03953
22,70000;0,37806;66,35217;6,38309;0,03967
22,80000;0,38019;66,55916;6,40300;0,03989
22,90000;0,38194;66,37727;6,38550;0,04008
23,00000;0,38312;66,49643;6,39696;0,04020
23,10000;0,38506;66,70344;6,41688;0,04041
23,20000;0,38687;66,16400;6,36498;0,04060
23,30000;0,38844;65,91312;6,34085;0,04076
23,40000;0,38969;66,78498;6,42472;0,04089
23,50000;0,39181;66,46507;6,39395;0,04111
23,60000;0,39362;66,32709;6,38067;0,04130
23,70000;0,39481;67,04214;6,44946;0,04143
23,80000;0,39662;67,06724;6,45187;0,04162
23,90000;0,39850;66,60307;6,40722;0,04182
24,00000;0,40025;66,57171;6,40420;0,04200
24,10000;0,40137;66,73480;6,41989;0,04212
24,20000;0,40344;66,65953;6,41265;0,04233
24,30000;0,40525;66,89788;6,43558;0,04252
24,40000;0,40650;66,55916;6,40300;0,04265
24,50000;0,40819;66,93550;6,43920;0,04283
24,60000;0,41019;66,30199;6,37826;0,04304
24,70000;0,41200;66,37727;6,38550;0,04323
24,80000;0,41306;66,98568;6,44403;0,04334
24,90000;0,41506;66,77243;6,42351;0,04355
25,00000;0,41687;66,58426;6,40541;0,04374
25,10000;0,41825;66,89159;6,43498;0,04389
25,20000;0,41975;67,14249;6,45911;0,04405
25,30000;0,42187;66,59681;6,40662;0,04427
25,40000;0,42362;66,58426;6,40541;0,04445
25,50000;0,42475;67,02959;6,44825;0,04457
25,60000;0,42662;66,84770;6,43076;0,04477
25,70000;0,42856;66,41489;6,38912;0,04497
25,80000;0,43006;66,67208;6,41386;0,04513
25,90000;0,43137;67,07350;6,45248;0,04526
26,00000;0,43356;66,18910;6,36740;0,04549
26,10000;0,43531;66,36472;6,38429;0,04568
26,20000;0,43650;67,09860;6,45489;0,04580
26,30000;0,43825;67,25539;6,46997;0,04599
26,40000;0,44019;66,83515;6,42955;0,04619
26,50000;0,44181;66,71597;6,41808;0,04636
26,60000;0,44306;66,64698;6,41145;0,04649
26,70000;0,44512;66,84770;6,43076;0,04671
26,80000;0,44687;66,89159;6,43498;0,04689
26,90000;0,44825;66,67208;6,41386;0,04704
27,00000;0,44981;67,11741;6,45670;0,04720
27,10000;0,45187;66,51527;6,39878;0,04742
27,20000;0,45356;67,08605;6,45368;0,04759
27,30000;0,45475;67,76347;6,51885;0,04772
27,40000;0,45681;66,98568;6,44403;0,04793
27,50000;0,45850;67,06095;6,45127;0,04811
27,60000;0,46000;66,72225;6,41869;0,04827
27,70000;0,46144;67,56275;6,49954;0,04842
27,80000;0,46350;67,21150;6,46575;0,04864
27,90000;0,46531;67,01704;6,44705;0,04883
28,00000;0,46644;67,19267;6,46394;0,04894
28,10000;0,46844;66,97315;6,44282;0,04915
28,20000;0,47012;67,16130;6,46092;0,04933
28,30000;0,47181;66,87278;6,43317;0,04951
28,40000;0,47306;67,86382;6,52851;0,04964
28,50000;0,47525;66,96060;6,44162;0,04987
28,60000;0,47700;66,95432;6,44101;0,05005
28,70000;0,47812;67,11113;6,45610;0,05017
28,80000;0,47994;67,67565;6,51040;0,05036
28,90000;0,48181;67,09860;6,45489;0,05056
29,00000;0,48356;67,61919;6,50497;0,05074
29,10000;0,48475;67,27423;6,47179;0,05087
29,20000;0,48681;67,19267;6,46394;0,05108
29,30000;0,48862;66,82887;6,42894;0,05127
29,40000;0,48981;67,18640;6,46334;0,05140
29,50000;0,49150;67,66310;6,50920;0,05157
29,60000;0,49344;66,79751;6,42593;0,05178
29,70000;0,49525;66,95432;6,44101;0,05197
29,80000;0,49637;67,62547;6,50558;0,05209
29,90000;0,49844;67,96417;6,53816;0,05230
30,00000;0,50025;67,56901;6,50015;0,05249
30,10000;0,50156;67,38084;6,48204;0,05263
30,20000;0,50312;68,00182;6,54178;0,05279
30,30000;0,50512;67,28049;6,47239;0,05300
30,40000;0,50694;67,56275;6,49954;0,05319
30,50000;0,50812;68,07707;6,54902;0,05332
30,60000;0,51000;67,93910;6,53575;0,05352
30,70000;0,51194;68,02690;6,54419;0,05372
30,80000;0,51337;68,54124;6,59367;0,05387
30,90000;0,51469;68,93012;6,63108;0,05401
31,00000;0,51681;68,45971;6,58583;0,05423
31,10000;0,51862;68,22133;6,56290;0,05442
31,20000;0,51981;68,18997;6,55988;0,05454
31,30000;0,52156;68,44716;6,58462;0,05473
31,40000;0,52356;67,95162;6,53695;0,05494
31,50000;0,52512;68,02063;6,54359;0,05510
31,60000;0,52637;68,17745;6,55868;0,05523
31,70000;0,52850;68,47852;6,58764;0,05546
31,80000;0,53025;68,58513;6,59790;0,05564
31,90000;0,53156;68,99284;6,63712;0,05578
32,00000;0,53312;69,55736;6,69142;0,05594
32,10000;0,53525;68,42206;6,58221;0,05616
32,20000;0,53694;68,92385;6,63048;0,05634
32,30000;0,53800;69,57618;6,69323;0,05645
32,40000;0,54012;70,17832;6,75116;0,05668
32,50000;0,54181;69,35664;6,67212;0,05685
32,60000;0,54331;69,76435;6,71134;0,05701
32,70000;0,54475;70,78676;6,80969;0,05716
32,80000;0,54687;71,03137;6,83322;0,05738
32,90000;0,54862;72,88798;7,01183;0,05757
33,00000;0,54975;75,12723;7,22725;0,05769
33,10000;0,55175;77,94979;7,49878;0,05790
33,20000;0,55344;80,76609;7,76971;0,05807
33,30000;0,55512;84,99369;8,17640;0,05825
33,40000;0,55637;86,99456;8,36889;0,05838
33,50000;0,55856;90,63254;8,71886;0,05861
33,60000;0,56031;93,69345;9,01332;0,05879
33,70000;0,56144;95,56261;9,19313;0,05891
33,80000;0,56331;97,78305;9,40674;0,05911
33,90000;0,56512;99,99720;9,61974;0,05930
34,00000;0,56687;102,14862;9,82671;0,05948
34,10000;0,56806;102,83231;9,89248;0,05961
34,20000;0,57019;104,78930;10,08074;0,05983
34,30000;0,57200;106,55809;10,25090;0,06002
34,40000;0,57319;106,34484;10,23038;0,06015
34,50000;0,57487;107,90667;10,38063;0,06032
34,60000;0,57675;108,55899;10,44339;0,06052
34,70000;0,57862;109,26777;10,51157;0,06072
34,80000;0,57975;109,58766;10,54234;0,06083
34,90000;0,58175;110,22117;10,60329;0,06104
35,00000;0,58356;111,09302;10,68716;0,06123
35,10000;0,58494;111,62618;10,73845;0,06138
35,20000;0,58650;112,30360;10,80362;0,06154
35,30000;0,58844;113,54552;10,92309;0,06175
35,40000;0,59031;114,36094;11,00153;0,06194
35,50000;0,59144;115,55895;11,11678;0,06206
35,60000;0,59337;115,94156;11,15359;0,06226
35,70000;0,59519;117,46576;11,30022;0,06245
35,80000;0,59675;118,46933;11,39676;0,06262
35,90000;0,59806;118,95231;11,44322;0,06276
36,00000;0,60019;121,06609;11,64657;0,06298
36,10000;0,60194;121,17899;11,65743;0,06316
36,20000;0,60312;122,15122;11,75096;0,06329
36,30000;0,60487;122,80983;11,81432;0,06347
36,40000;0,60687;124,62882;11,98930;0,06368
36,50000;0,60850;125,31250;12,05507;0,06385
36,60000;0,60975;125,09297;12,03396;0,06398
36,70000;0,61187;126,49798;12,16912;0,06421
36,80000;0,61362;127,58309;12,27351;0,06439
36,90000;0,61487;128,12880;12,32600;0,06452
37,00000;0,61644;128,58040;12,36945;0,06468
37,10000;0,61856;129,37700;12,44608;0,06491
37,20000;0,62025;129,99796;12,50582;0,06508
37,30000;0,62137;130,07324;12,51306;0,06520
37,40000;0,62344;130,68165;12,57159;0,06542
37,50000;0,62519;131,12072;12,61383;0,06560
37,60000;0,62662;131,77930;12,67718;0,06575
37,70000;0,62806;132,03020;12,70132;0,06590
37,80000;0,63019;132,82052;12,77735;0,06613
37,90000;0,63194;133,22823;12,81657;0,06631
38,00000;0,63306;133,29722;12,82320;0,06643
38,10000;0,63506;133,37878;12,83105;0,06664
38,20000;0,63687;134,31963;12,92156;0,06683
38,30000;0,63844;134,42626;12,93182;0,06699
38,40000;0,63969;134,65206;12,95354;0,06712
38,50000;0,64181;135,00960;12,98794;0,06735
38,60000;0,64362;135,01586;12,98854;0,06754
38,70000;0,64481;134,87786;12,97526;0,06766
38,80000;0,64662;135,50511;13,03560;0,06785
38,90000;0,64850;135,64311;13,04888;0,06805
39,00000;0,65025;136,05079;13,08810;0,06823
39,10000;0,65137;134,92804;12,98009;0,06835
39,20000;0,65344;135,73091;13,05733;0,06857
39,30000;0,65531;136,02572;13,08569;0,06876
39,40000;0,65656;134,89041;12,97647;0,06889
39,50000;0,65819;135,04722;12,99156;0,06906
39,60000;0,66019;135,53647;13,03862;0,06927
39,70000;0,66200;135,41102;13,02655;0,06946
39,80000;0,66306;134,94687;12,98190;0,06958
39,90000;0,66506;135,25421;13,01147;0,06979
40,00000;0,66687;135,39847;13,02535;0,06998
40,10000;0,66825;135,24166;13,01026;0,07012
40,20000;0,66975;134,67087;12,95535;0,07028
40,30000;0,67181;135,23540;13,00966;0,07049
40,40000;0,67362;135,01586;12,98854;0,07068
40,50000;0,67475;134,95940;12,98311;0,07080
40,60000;0,67662;134,38235;12,92760;0,07100
40,70000;0,67850;135,05977;12,99276;0,07120
40,80000;0,68006;135,27302;13,01328;0,07136
40,90000;0,68137;134,46389;12,93544;0,07150
41,00000;0,68356;135,70583;13,05491;0,07173
41,10000;0,68531;134,67716;12,95596;0,07191
41,20000;0,68650;134,67716;12,95596;0,07204
41,30000;0,68825;134,55171;12,94389;0,07222
41,40000;0,69019;134,85905;12,97345;0,07242
41,50000;0,69181;134,73360;12,96138;0,07259
41,60000;0,69306;133,88055;12,87932;0,07272
41,70000;0,69519;134,00600;12,89139;0,07295
41,80000;0,69687;134,43881;12,93303;0,07312
41,90000;0,69825;133,76139;12,86786;0,07327
42,00000;0,69987;133,56067;12,84855;0,07344
42,10000;0,70187;133,71122;12,86303;0,07365
42,20000;0,70356;133,81783;12,87329;0,07383
42,30000;0,70475;133,10278;12,80450;0,07395
42,40000;0,70681;133,42267;12,83527;0,07417
42,50000;0,70850;133,15924;12,80993;0,07434
42,60000;0,71000;132,95852;12,79062;0,07450
42,70000;0,71144;132,32501;12,72968;0,07465
42,80000;0,71350;132,22466;12,72003;0,07487
42,90000;0,71525;132,24347;12,72184;0,07505
43,00000;0,71637;131,64133;12,66391;0,07517
43,10000;0,71837;131,50959;12,65124;0,07538
43,20000;0,72012;131,65388;12,66512;0,07556
43,30000;0,72181;131,52214;12,65244;0,07574
43,40000;0,72306;130,98272;12,60055;0,07587
43,50000;0,72525;131,02663;12,60477;0,07610
43,60000;0,72700;130,88863;12,59150;0,07629
43,70000;0,72812;130,12341;12,51789;0,07640
43,80000;0,72994;130,09831;12,51547;0,07659
43,90000;0,73181;129,80353;12,48711;0,07679
44,00000;0,73356;130,13596;12,51909;0,07697
44,10000;0,73475;128,72466;12,38332;0,07710
44,20000;0,73687;129,47735;12,45573;0,07732
44,30000;0,73862;129,12611;12,42194;0,07751
44,40000;0,73981;128,42359;12,35436;0,07763
44,50000;0,74150;128,21034;12,33385;0,07781
44,60000;0,74350;128,24170;12,33686;0,07802
44,70000;0,74531;127,33219;12,24937;0,07821
44,80000;0,74644;126,88686;12,20653;0,07833
44,90000;0,74844;127,20674;12,23730;0,07853
45,00000;0,75031;126,98723;12,21618;0,07873
45,10000;0,75156;126,06517;12,12748;0,07886
45,20000;0,75312;125,53204;12,07619;0,07903
45,30000;0,75512;124,66644;11,99292;0,07924
45,40000;0,75694;124,85462;12,01103;0,07943
45,50000;0,75812;123,75694;11,90543;0,07955
45,60000;0,76000;123,02308;11,83483;0,07975
45,70000;0,76194;123,56250;11,88672;0,07995
45,80000;0,76331;122,52128;11,78656;0,08010
45,90000;0,76469;121,90032;11,72682;0,08024
46,00000;0,76681;121,56162;11,69424;0,08046
46,10000;0,76862;120,58939;11,60071;0,08065
46,20000;0,76981;120,04997;11,54882;0,08078
46,30000;0,77156;119,14049;11,46133;0,08096
46,40000;0,77356;119,12165;11,45951;0,08117
46,50000;0,77512;117,84211;11,33642;0,08134
46,60000;0,77637;116,75698;11,23203;0,08147
46,70000;0,77850;115,60286;11,12101;0,08169
46,80000;0,78025;114,63065;11,02748;0,08187
46,90000;0,78156;113,43262;10,91223;0,08201
47,00000;0,78312;112,67993;10,83982;0,08217
47,10000;0,78525;112,09659;10,78370;0,08240
47,20000;0,78694;111,81436;10,75655;0,08257
47,30000;0,78806;110,93621;10,67207;0,08269
47,40000;0,79012;109,99537;10,58156;0,08291
47,50000;0,79181;110,00789;10,58277;0,08309
47,60000;0,79331;109,51867;10,53571;0,08324
47,70000;0,79475;108,44609;10,43252;0,08339
47,80000;0,79687;108,45235;10,43313;0,08362
47,90000;0,79862;107,36724;10,32874;0,08380
48,00000;0,79975;106,79017;10,27322;0,08392
48,10000;0,80169;106,26956;10,22314;0,08412
48,20000;0,80344;105,93713;10,19116;0,08431
48,30000;0,80512;106,04376;10,20142;0,08448
48,40000;0,80637;105,48553;10,14772;0,08461
48,50000;0,80850;105,64234;10,16280;0,08484
48,60000;0,81031;105,19072;10,11936;0,08503
48,70000;0,81144;104,23104;10,02704;0,08515
48,80000;0,81331;104,67011;10,06927;0,08534
48,90000;0,81512;104,33141;10,03669;0,08553
49,00000;0,81687;104,40666;10,04393;0,08572
49,10000;0,81800;102,94521;9,90334;0,08583
49,20000;0,82019;103,43445;9,95040;0,08606
49,30000;0,82194;102,88877;9,89791;0,08625
49,40000;0,82319;102,93894;9,90274;0,08638
49,50000;0,82494;102,91385;9,90032;0,08656
49,60000;0,82681;102,55005;9,86532;0,08676
49,70000;0,82862;101,57155;9,77119;0,08695
49,80000;0,82975;102,19254;9,83093;0,08707
49,90000;0,83175;101,72210;9,78568;0,08728
50,00000;0,83356;102,16744;9,82852;0,08747
50,10000;0,83494;101,14503;9,73016;0,08761
50,20000;0,83650;100,74987;9,69215;0,08778
50,30000;0,83850;100,65578;9,68310;0,08799
50,40000;0,84025;100,21045;9,64025;0,08817
50,50000;0,84144;99,82784;9,60345;0,08829
50,60000;0,84331;99,70868;9,59198;0,08849
50,70000;0,84519;99,76511;9,59741;0,08869
50,80000;0,84669;99,31978;9,55457;0,08884
50,90000;0,84806;98,53572;9,47915;0,08899
51,00000;0,85019;98,66746;9,49182;0,08921
51,10000;0,85194;97,72032;9,40070;0,08940
51,20000;0,85312;97,43806;9,37355;0,08952
51,30000;0,85487;97,30007;9,36028;0,08970
51,40000;0,85687;97,09308;9,34036;0,08991
51,50000;0,85844;96,35293;9,26916;0,09008
51,60000;0,85975;95,66299;9,20279;0,09022
51,70000;0,86187;95,86371;9,22210;0,09044
51,80000;0,86356;95,91389;9,22692;0,09062
51,90000;0,86487;95,29290;9,16719;0,09075
52,00000;0,86644;95,18629;9,15693;0,09092
52,10000;0,86856;94,50887;9,09176;0,09114
52,20000;0,87025;94,36461;9,07788;0,09132
52,30000;0,87137;94,11997;9,05435;0,09143
52,40000;0,87350;93,80635;9,02418;0,09166
52,50000;0,87519;93,46139;8,99099;0,09183
52,60000;0,87669;93,16658;8,96263;0,09199
52,70000;0,87812;93,04741;8,95117;0,09214
52,80000;0,88019;92,74005;8,92160;0,09236
52,90000;0,88194;92,21944;8,87152;0,09254
53,00000;0,88312;92,54562;8,90290;0,09267
53,10000;0,88506;91,99991;8,85040;0,09287
53,20000;0,88687;91,33504;8,78644;0,09306
53,30000;0,88844;90,67645;8,72308;0,09323
53,40000;0,88969;90,35028;8,69171;0,09336
53,50000;0,89181;90,41301;8,69774;0,09358
53,60000;0,89356;89,74813;8,63378;0,09376
53,70000;0,89481;88,61283;8,52456;0,09389
53,80000;0,89656;88,71320;8,53422;0,09408
53,90000;0,89850;87,92288;8,45819;0,09428
54,00000;0,90025;87,99813;8,46543;0,09446
54,10000;0,90137;86,94439;8,36406;0,09458
54,20000;0,90344;86,87538;8,35742;0,09480
54,30000;0,90525;85,90317;8,26389;0,09499
54,40000;0,90650;85,52682;8,22769;0,09512
54,50000;0,90819;84,69888;8,14804;0,09530
54,60000;0,91019;84,59853;8,13839;0,09551
54,70000;0,91200;84,21589;8,10158;0,09570
54,80000;0,91306;83,53849;8,03641;0,09581
54,90000;0,91506;83,19977;8,00383;0,09602
55,00000;0,91687;82,74189;7,95978;0,09621
55,10000;0,91825;82,50983;7,93745;0,09635
55,20000;0,91981;82,22128;7,90969;0,09652
55,30000;0,92181;81,83867;7,87289;0,09673
55,40000;0,92369;81,51878;7,84211;0,09692
55,50000;0,92475;80,47756;7,74195;0,09704
55,60000;0,92669;80,34585;7,72928;0,09724
55,70000;0,92856;80,23921;7,71902;0,09744
55,80000;0,93006;80,22666;7,71781;0,09759
55,90000;0,93137;79,53672;7,65144;0,09773
56,00000;0,93350;79,51788;7,64963;0,09795
56,10000;0,93531;78,89692;7,58989;0,09814
56,20000;0,93650;78,86556;7,58687;0,09827
56,30000;0,93819;78,47669;7,54946;0,09845
56,40000;0,94019;78,44532;7,54645;0,09866
56,50000;0,94181;78,48921;7,55067;0,09883
56,60000;0,94306;77,65500;7,47042;0,09896
56,70000;0,94519;78,07524;7,51085;0,09918
56,80000;0,94687;77,65500;7,47042;0,09936
56,90000;0,94825;77,54210;7,45956;0,09950
57,00000;0,94987;77,55463;7,46076;0,09967
57,10000;0,95187;76,66396;7,37508;0,09988
57,20000;0,95356;76,78941;7,38715;0,10006
57,30000;0,95475;76,53225;7,36241;0,10018
57,40000;0,95681;76,68906;7,37749;0,10040
57,50000;0,95850;75,92381;7,30388;0,10058
57,60000;0,96000;75,48477;7,26164;0,10073
57,70000;0,96144;75,76700;7,28879;0,10089
57,80000;0,96356;75,41575;7,25500;0,10111
57,90000;0,96531;75,13978;7,22845;0,10129
58,00000;0,96644;75,20251;7,23449;0,10141
58,10000;0,96844;74,07975;7,12648;0,10162
58,20000;0,97012;74,26792;7,14458;0,10180
58,30000;0,97181;74,24282;7,14217;0,10197
58,40000;0,97306;73,74103;7,09389;0,10211
58,50000;0,97525;73,67830;7,08786;0,10233
58,60000;0,97700;73,53404;7,07398;0,10252
58,70000;0,97806;73,50896;7,07157;0,10263
58,80000;0,97994;73,45250;7,06614;0,10283
58,90000;0,98175;72,69355;6,99313;0,10302
59,00000;0,98356;72,25447;6,95089;0,10321
59,10000;0,98475;72,20430;6,94606;0,10333
59,20000;0,98687;72,20430;6,94606;0,10355
59,30000;0,98869;71,99731;6,92615;0,10374
59,40000;0,98981;71,37635;6,86641;0,10386
59,50000;0,99150;71,25090;6,85434;0,10404
59,60000;0,99344;71,27600;6,85676;0,10424
59,70000;0,99531;71,20073;6,84952;0,10444
59,80000;0,99637;70,98746;6,82900;0,10455
59,90000;0,99844;70,61113;6,79280;0,10477
60,00000;1,00031;70,05916;6,73970;0,10496
60,10000;1,00156;70,04032;6,73789;0,10510
60,20000;1,00312;69,81452;6,71616;0,10526
60,30000;1,00512;69,01165;6,63893;0,10547
60,40000;1,00694;68,87368;6,62565;0,10566
60,50000;1,00812;69,33783;6,67031;0,10578
60,60000;1,01006;68,99284;6,63712;0,10599
60,70000;1,01200;68,30916;6,57135;0,10619
60,80000;1,01331;68,56006;6,59548;0,10633
60,90000;1,01469;68,61649;6,60091;0,10647
61,00000;1,01687;68,13353;6,55445;0,10670
61,10000;1,01862;68,05826;6,54721;0,10689
61,20000;1,01981;68,00808;6,54238;0,10701
61,30000;1,02156;68,06455;6,54782;0,10719
61,40000;1,02356;67,40594;6,48446;0,10740
61,50000;1,02512;67,32440;6,47661;0,10757
61,60000;1,02637;66,89788;6,43558;0,10770
61,70000;1,02850;66,52779;6,39998;0,10792
61,80000;1,03025;1,50211;0,14450;0,10811
61,90000;1,03156;0,46089;0,04434;0,10824
62,00000;1,03312;0,66161;0,06365;0,10841
62,10000;1,03525;0,44208;0,04253;0,10863
62,20000;1,03687;0,51733;0,04977;0,10880
62,30000;1,03806;0,71805;0,06908;0,10893
62,40000;1,04012;0,90622;0,08718;0,10914
62,50000;1,04181;0,27271;0,02624;0,10932
62,60000;1,04331;0,94385;0,09080;0,10948
62,70000;1,04475;1,16338;0,11192;0,10963
62,80000;1,04687;0,44208;0,04253;0,10985
62,90000;1,04862;0,48596;0,04675;0,11003
63,00000;1,04975;0,90622;0,08718;0,11015
63,10000;1,05175;0,73060;0,07028;0,11036
63,20000;1,05344;0,76822;0,07390;0,11054
63,30000;1,05512;0,51106;0,04916;0,11072
63,40000;1,05637;1,06303;0,10226;0,11085
63,50000;1,05856;0,41071;0,03951;0,11108
63,60000;1,06031;0,14100;0,01356;0,11126
63,70000;1,06144;0,95640;0,09201;0,11138
63,80000;1,06331;0,97521;0,09382;0,11158
63,90000;1,06512;0,64906;0,06244;0,11177
64,00000;1,06687;0,60515;0,05822;0,11195
64,10001;1,06800;0,63025;0,06063;0,11207
64,20000;1,07012;0,65533;0,06304;0,11229
64,30000;1,07194;0,15353;0,01477;0,11248
64,40000;1,07319;0,60515;0,05822;0,11261
64,50000;1,07487;0,94385;0,09080;0,11279
64,60001;1,07681;0,66161;0,06365;0,11299
64,70000;1,07862;0,46089;0,04434;0,11318
64,80000;1,07969;1,27628;0,12278;0,11329
64,90000;1,08175;1,06303;0,10226;0,11351
65,00000;1,08356;0,76822;0,07390;0,11370
65,10001;1,08494;0,89996;0,08658;0,11384
65,20000;1,08650;1,10066;0,10588;0,11401
65,30000;1,08850;0,22254;0,02141;0,11422
65,40000;1,09031;0,58634;0,05641;0,11441
65,50000;1,09144;0,90622;0,08718;0,11453
65,60001;1,09337;1,04422;0,10045;0,11473
65,70001;1,09525;0,83724;0,08054;0,11493
65,80000;1,09675;0,58634;0,05641;0,11508
65,90000;1,09806;1,02541;0,09864;0,11522
66,00000;1,10025;0,90622;0,08718;0,11545
66,10001;1,10194;0,30408;0,02925;0,11563
66,20001;1,10312;0,85605;0,08235;0,11575
66,30000;1,10487;1,06303;0,10226;0,11594
66,40000;1,10687;0,54243;0,05218;0,11615
66,50000;1,10844;0,56752;0,05460;0,11631
66,60001;1,10975;0,81842;0,07873;0,11645
66,70001;1,11181;0,64906;0,06244;0,11666
66,80000;1,11356;1,03167;0,09925;0,11685
66,90000;1,11487;0,52361;0,05037;0,11699
67,00000;1,11644;1,20730;0,11614;0,11715
67,10001;1,11856;0,36680;0,03529;0,11737
67,20001;1,12019;0,96268;0,09261;0,11754
67,30000;1,12137;1,00031;0,09623;0,11767
67,40000;1,12344;1,32648;0,12761;0,11788
67,50000;1,12519;0,48596;0,04675;0,11807
67,60001;1,12669;0,57379;0,05520;0,11823
67,70001;1,12806;0,93759;0,09020;0,11837
67,80000;1,13019;0,52988;0,05097;0,11859
67,90000;1,13194;0,64906;0,06244;0,11878
68,00000;1,13312;1,10695;0,10649;0,11890
68,10001;1,13506;0,91249;0,08778;0,11910
68,20001;1,13687;0,81214;0,07813;0,11929
68,30000;1,13844;0,76196;0,07330;0,11946
68,40000;1,13969;1,15712;0,11132;0,11959
68,50000;1,14187;0,76196;0,07330;0,11982
68,60001;1,14362;0,26645;0,02563;0,12000
68,70001;1,14481;1,16338;0,11192;0,12013
68,80000;1,14662;1,00031;0,09623;0,12032
68,90000;1,14850;0,59889;0,05761;0,12051
69,00000;1,15025;1,11950;0,10770;0,12070
69,10001;1,15137;1,03167;0,09925;0,12082
69,20001;1,15344;0,76196;0,07330;0,12103
69,30000;1,15525;0,46715;0,04494;0,12122
69,40000;1,15650;0,71805;0,06908;0,12135
69,50000;1,15812;1,06930;0,10287;0,12152
69,60001;1,16019;0,29153;0,02804;0,12174
69,70001;1,16194;0,68042;0,06546;0,12192
69,80000;1,16306;1,27002;0,12218;0,12204
69,90000;1,16506;1,22611;0,11795;0,12225
70,00000;1,16687;1,00657;0,09683;0,12244
70,10001;1,16825;0,61770;0,05942;0,12259
70,20001;1,16981;1,19475;0,11493;0,12275
70,30000;1,17181;0,23509;0,02262;0,12296
70,40000;1,17362;0,58005;0,05580;0,12315
70,50000;1,17475;0,74315;0,07149;0,12327
70,60001;1,17669;0,78077;0,07511;0,12347
70,70001;1,17856;0,52361;0,05037;0,12367
70,80000;1,18006;0,78706;0,07572;0,12383
70,90000;1,18137;1,02541;0,09864;0,12396
71,00000;1,18356;0,57379;0,05520;0,12419
71,10001;1,18531;0,39190;0,03770;0,12438
71,20001;1,18650;0,74315;0,07149;0,12450
71,30000;1,18825;0,63651;0,06123;0,12469
71,40000;1,19019;0,18489;0,01779;0,12489
71,50000;1,19181;0,18489;0,01779;0,12506
71,60001;1,19306;0,44208;0,04253;0,12519
71,70001;1,19519;0,48596;0,04675;0,12541
71,80000;1,19687;0,75570;0,07270;0,12559
71,90000;1,19825;0,44834;0,04313;0,12573
72,00000;1,19981;0,90622;0,08718;0,12590
72,10001;1,20187;-0,05346;-0,00514;0,12611
72,20001;1,20356;0,28526;0,02744;0,12629
72,30000;1,20469;0,96895;0,09321;0,12641
72,40000;1,20675;0,94385;0,09080;0,12663
72,50000;1,20850;0,36680;0,03529;0,12681
72,60001;1,21000;0,42953;0,04132;0,12697
72,70001;1,21144;0,63025;0,06063;0,12712
72,80000;1,21350;-0,09108;-0,00876;0,12733
72,90000;1,21531;0,44834;0,04313;0,12752
73,00000;1,21637;0,92504;0,08899;0,12764
73,10001;1,21844;0,49225;0,04735;0,12785
73,20001;1,22012;0,28526;0,02744;0,12803
73,30000;1,22181;0,11590;0,01115;0,12821
73,40000;1,22306;0,62396;0,06003;0,12834
73,50000;1,22525;-0,09735;-0,00936;0,12857
73,60001;1,22700;0,35425;0,03408;0,12875
73,70001;1,22812;-0,04717;-0,00454;0,12887
73,80000;1,22994;0,58634;0,05641;0,12906
73,90000;1,23181;0,31034;0,02985;0,12926
74,00000;1,23356;0,31663;0,03046;0,12944
74,10001;1,23475;0,59889;0,05761;0,12956
74,20001;1,23687;0,12219;0,01175;0,12979
74,30000;1,23869;0,06573;0,00632;0,12998
74,40000;1,23981;0,82469;0,07933;0,13010
74,50000;1,24150;0,07199;0,00693;0,13027
74,60001;1,24344;0,34170;0,03287;0,13048
74,70001;1,24525;0,45463;0,04373;0,13067
74,80000;1,24637;0,29781;0,02865;0,13078
74,90000;1,24844;0,66161;0,06365;0,13100
75,00000;1,25025;0,39190;0,03770;0,13119
75,10001;1,25156;0,63651;0,06123;0,13133
75,20001;1,25312;0,61141;0,05882;0,13149
75,30000;1,25512;-0,25416;-0,02445;0,13170
75,40000;1,25694;0,49851;0,04796;0,13189
75,50000;1,25812;0,21625;0,02080;0,13202
75,60001;1,26000;0,58634;0,05641;0,13221
75,70001;1,26200;0,07199;0,00693;0,13242
75,80000;1,26331;0,29153;0,02804;0,13256
75,90000;1,26469;0,61770;0,05942;0,13271
76,00000;1,26681;-0,19772;-0,01902;0,13293
76,10001;1,26862;-0,08482;-0,00816;0,13312
76,20001;1,26981;0,37935;0,03649;0,13324
76,30000;1,27156;0,74315;0,07149;0,13343
76,40000;1,27356;0,21625;0,02080;0,13364
76,50000;1,27512;0,34170;0,03287;0,13380
76,60001;1,27637;-0,07227;-0,00695;0,13393
76,70001;1,27850;0,37935;0,03649;0,13416
76,80000;1,28025;0,01555;0,00150;0,13434
76,90000;1,28156;0,10964;0,01055;0,13448
77,00000;1,28312;0,80587;0,07753;0,13464
77,10001;1,28525;0,20999;0,02020;0,13486
77,20001;1,28694;0,31663;0,03046;0,13504
77,30000;1,28806;0,29781;0,02865;0,13516
77,40000;1,29012;0,72434;0,06968;0,13538
77,50000;1,29181;-0,09108;-0,00876;0,13555
77,60001;1,29331;0,09709;0,00934;0,13571
77,70001;1,29475;0,40443;0,03891;0,13586
77,80000;1,29687;0,27898;0,02684;0,13608
77,90000;1,29862;0,26645;0,02563;0,13627
78,00000;1,29975;0,57379;0,05520;0,13639
78,10001;1,30169;0,08454;0,00813;0,13659
78,20001;1,30350;0,02810;0,00270;0,13678
78,30000;1,30506;0,39190;0,03770;0,13694
78,40000;1,30637;0,88112;0,08476;0,13708
78,50000;1,30856;-0,14126;-0,01359;0,13731
78,60001;1,31031;0,02810;0,00270;0,13749
78,70001;1,31144;0,72434;0,06968;0,13761
78,80000;1,31331;0,85605;0,08235;0,13781
78,90000;1,31512;-0,17891;-0,01721;0,13800
79,00000;1,31687;0,09709;0,00934;0,13818
79,10001;1,31800;0,25390;0,02443;0,13830
79,20001;1,32019;0,29153;0,02804;0,13853
79,30000;1,32194;-0,37961;-0,03652;0,13871
79,40000;1,32319;0,42326;0,04072;0,13884
79,50000;1,32494;0,24762;0,02382;0,13903
79,60001;1,32681;-0,17262;-0,01661;0,13922
79,70001;1,32862;-0,15381;-0,01480;0,13941
79,80000;1,32975;0,66787;0,06425;0,13953
79,90000;1,33175;0,54243;0,05218;0,13974
80,00000;1,33356;0,02810;0,00270;0,13993
80,10001;1,33494;0,03437;0,00331;0,14008
80,20001;1,33644;0,83095;0,07994;0,14023
80,30000;1,33850;0,05318;0,00512;0,14045
80,40000;1,34025;-0,04091;-0,00394;0,14063
80,50001;1,34144;0,24762;0,02382;0,14076
80,60001;1,34331;0,42326;0,04072;0,14096
80,70001;1,34519;-0,31688;-0,03048;0,14115
80,80000;1,34675;0,13472;0,01296;0,14132
80,90000;1,34806;-0,09735;-0,00936;0,14145
81,00001;1,35025;0,16608;0,01598;0,14168
81,10001;1,35194;-0,27926;-0,02686;0,14186
81,20001;1,35312;0,11590;0,01115;0,14199
81,30000;1,35487;0,62396;0,06003;0,14217
81,40000;1,35687;0,02810;0,00270;0,14238
81,50001;1,35844;-0,10363;-0,00997;0,14254
81,60001;1,35975;-0,05346;-0,00514;0,14268
81,70001;1,36187;-0,00326;-0,00031;0,14290
81,80000;1,36362;0,08454;0,00813;0,14309
81,90000;1,36487;0,07199;0,00693;0,14322
82,00001;1,36644;0,29781;0,02865;0,14338
82,10001;1,36856;-0,66813;-0,06427;0,14361
82,20001;1,37025;-0,09735;-0,00936;0,14378
82,30000;1,37144;0,12845;0,01236;0,14391
82,40000;1,37350;-0,05972;-0,00575;0,14412
82,50001;1,37525;-0,55523;-0,05341;0,14431
82,60001;1,37669;-0,06598;-0,00635;0,14446
82,70001;1,37806;0,32918;0,03167;0,14460
82,80000;1,38019;-0,05346;-0,00514;0,14483
82,90000;1,38194;-0,14754;-0,01419;0,14501
83,00001;1,38306;0,33544;0,03227;0,14513
83,10001;1,38506;0,34799;0,03348;0,14534
83,20001;1,38681;-0,26044;-0,02505;0,14552
83,30000;1,38844;0,10335;0,00994;0,14569
83,40000;1,38969;0,00927;0,00089;0,14582
83,50001;1,39181;0,00300;0,00029;0,14605
83,60001;1,39362;-0,21653;-0,02083;0,14624
83,70001;1,39481;0,20373;0,01960;0,14636
83,80000;1,39662;0,41071;0,03951;0,14655
83,90000;1,39850;-0,52387;-0,05040;0,14675
84,00001;1,40025;0,06573;0,00632;0,14693
84,10001;1,40137;0,04692;0,00451;0,14705
84,20001;1,40350;-0,39216;-0,03773;0,14727
84,30000;1,40531;-0,24161;-0,02324;0,14746
84,40000;1,40650;-0,09108;-0,00876;0,14759
84,50001;1,40819;0,28526;0,02744;0,14776
84,60001;1,41019;-0,42978;-0,04135;0,14797
84,70001;1,41200;-0,32317;-0,03109;0,14816
84,80000;1,41306;0,39190;0,03770;0,14828
84,90000;1,41506;-0,14754;-0,01419;0,14849
85,00001;1,41687;-0,09735;-0,00936;0,14868
85,10001;1,41825;-0,17891;-0,01721;0,14882
85,20001;1,41981;0,66161;0,06365;0,14898
85,30000;1,42187;-0,21653;-0,02083;0,14920
85,40000;1,42362;-0,48624;-0,04678;0,14938
85,50001;1,42475;0,28526;0,02744;0,14950
85,60001;1,42662;-0,25416;-0,02445;0,14970
85,70001;1,42850;-0,37334;-0,03592;0,14990
85,80000;1,43000;-0,07227;-0,00695;0,15005
85,90000;1,43137;-0,04091;-0,00394;0,15020
86,00001;1,43350;-0,27926;-0,02686;0,15042
86,10001;1,43531;-0,12871;-0,01238;0,15061
86,20001;1,43650;0,12219;0,01175;0,15073
86,30000;1,43825;0,09083;0,00874;0,15092
86,40000;1,44019;-0,25416;-0,02445;0,15112
86,50001;1,44181;-0,31062;-0,02988;0,15129
86,60001;1,44306;-0,20398;-0,01962;0,15142
86,70001;1,44519;-0,31062;-0,02988;0,15165
86,80000;1,44687;-0,46743;-0,04497;0,15182
86,90000;1,44831;-0,08482;-0,00816;0,15197
87,00001;1,44987;0,12845;0,01236;0,15214
87,10001;1,45187;-0,51134;-0,04919;0,15235
87,20001;1,45356;0,12219;0,01175;0,15252
87,30000;1,45475;0,27271;0,02624;0,15265
87,40000;1,45681;-0,04091;-0,00394;0,15287
87,50001;1,45850;-0,22908;-0,02204;0,15304
87,60001;1,46000;-0,63677;-0,06126;0,15320
87,70001;1,46144;0,00300;0,00029;0,15335
87,80000;1,46350;-0,28552;-0,02747;0,15357
87,90000;1,46531;-0,36706;-0,03531;0,15376
88,00001;1,46644;0,48596;0,04675;0,15388
88,10001;1,46837;-0,48624;-0,04678;0,15408
88,20001;1,47012;-0,23535;-0,02264;0,15426
88,30000;1,47175;-0,14126;-0,01359;0,15443
88,40000;1,47300;-0,02210;-0,00213;0,15456
88,50001;1,47519;0,06573;0,00632;0,15479
88,60001;1,47700;-0,48624;-0,04678;0,15498
88,70001;1,47812;0,42953;0,04132;0,15510
88,80000;1,47994;0,14100;0,01356;0,15529
88,90000;1,48181;-0,19143;-0,01842;0,15549
89,00001;1,48356;-0,43607;-0,04195;0,15567
89,10001;1,48475;0,09083;0,00874;0,15580
89,20001;1,48687;0,36054;0,03468;0,15602
89,30000;1,48862;-0,22908;-0,02204;0,15620
89,40000;1,48981;-0,24161;-0,02324;0,15633
89,50001;1,49150;0,26016;0,02503;0,15651
89,60001;1,49350;-0,66187;-0,06367;0,15672
89,70001;1,49531;-0,59914;-0,05764;0,15691
89,80000;1,49644;0,09083;0,00874;0,15702
89,90000;1,49844;-0,21653;-0,02083;0,15723
90,00001;1,50031;-0,46743;-0,04497;0,15743
90,10001;1,50156;0,32289;0,03106;0,15756
90,20001;1,50312;0,25390;0,02443;0,15773
90,30000;1,50512;-0,36079;-0,03471;0,15794
90,40000;1,50694;0,03437;0,00331;0,15813
90,50001;1,50812;-0,10363;-0,00997;0,15825
90,60001;1,51000;-0,15381;-0,01480;0,15845
90,70001;1,51194;-0,53642;-0,05160;0,15865
90,80000;1,51331;-0,30433;-0,02928;0,15879
90,90000;1,51469;-0,00955;-0,00092;0,15894
91,00001;1,51681;-0,66813;-0,06427;0,15916
91,10001;1,51856;-0,41097;-0,03954;0,15935
91,20001;1,51981;-0,16636;-0,01600;0,15948
91,30000;1,52156;-0,02210;-0,00213;0,15966
91,40000;1,52356;-0,26671;-0,02566;0,15987
91,50001;1,52512;-0,17891;-0,01721;0,16003
91,60001;1,52637;0,10335;0,00994;0,16017
91,70001;1,52850;0,08454;0,00813;0,16039
91,80000;1,53025;-0,29181;-0,02807;0,16057
91,90000;1,53156;-0,55523;-0,05341;0,16071
92,00001;1,53312;0,59889;0,05761;0,16087
92,10001;1,53525;0,00300;0,00029;0,16110
92,20001;1,53694;-0,32943;-0,03169;0,16127
92,30000;1,53806;0,06573;0,00632;0,16139
92,40000;1,54019;-0,10990;-0,01057;0,16161
92,50001;1,54181;-0,28552;-0,02747;0,16179
92,60001;1,54331;-0,60541;-0,05824;0,16194
92,70001;1,54475;0,20373;0,01960;0,16209
92,80000;1,54694;-0,19143;-0,01842;0,16232
92,90000;1,54862;-0,42352;-0,04074;0,16250
93,00001;1,54975;0,19744;0,01899;0,16262
93,10001;1,55175;0,22880;0,02201;0,16283
93,20001;1,55350;0,20373;0,01960;0,16301
93,30000;1,55512;-0,77477;-0,07453;0,16318
93,40000;1,55637;0,20999;0,02020;0,16331
93,50001;1,55856;-0,26671;-0,02566;0,16354
93,60001;1,56025;-0,27926;-0,02686;0,16372
93,70001;1,56144;0,17236;0,01658;0,16384
93,80000;1,56331;-0,14126;-0,01359;0,16404
93,90000;1,56512;-0,74969;-0,07212;0,16423
94,00001;1,56687;-0,31062;-0,02988;0,16441
94,10001;1,56800;0,29781;0,02865;0,16453
94,20001;1,57012;0,07828;0,00753;0,16476
94,30000;1,57194;-0,49251;-0,04738;0,16495
94,40000;1,57319;0,09083;0,00874;0,16508
94,50001;1,57487;0,10964;0,01055;0,16525
94,60001;1,57681;-0,26671;-0,02566;0,16546
94,70001;1,57862;-0,32943;-0,03169;0,16565
94,80000;1,57969;-0,03462;-0,00333;0,16576
94,90000;1,58181;-0,04091;-0,00394;0,16598
95,00001;1,58356;-0,30433;-0,02928;0,16617
95,10001;1,58494;0,07199;0,00693;0,16631
95,20001;1,58650;0,26645;0,02563;0,16647
95,30000;1,58850;-0,22908;-0,02204;0,16668
95,40000;1,59025;-0,40471;-0,03893;0,16687
95,50001;1,59144;-0,16007;-0,01540;0,16699
95,60001;1,59337;-0,17262;-0,01661;0,16720
95,70001;1,59519;-0,43607;-0,04195;0,16739
95,80000;1,59675;-0,05346;-0,00514;0,16755
95,90000;1,59806;0,34799;0,03348;0,16769
96,00001;1,60019;-0,53016;-0,05100;0,16791
96,10001;1,60194;-0,49251;-0,04738;0,16809
96,20001;1,60312;-0,08482;-0,00816;0,16822
96,30000;1,60487;0,00927;0,00089;0,16840
96,40000;1,60687;-0,60541;-0,05824;0,16861
96,50001;1,60844;-0,36079;-0,03471;0,16878
96,60001;1,60975;0,00927;0,00089;0,16891
96,70001;1,61187;-0,12871;-0,01238;0,16914
96,80000;1,61356;-0,23535;-0,02264;0,16931
96,90000;1,61487;-0,32943;-0,03169;0,16945
97,00001;1,61644;0,36680;0,03529;0,16962
97,10001;1,61856;0,10335;0,00994;0,16984
97,20001;1,62025;0,00927;0,00089;0,17002
97,30000;1,62137;0,05318;0,00512;0,17013
97,40000;1,62350;-0,26671;-0,02566;0,17036
97,50001;1,62519;-0,13500;-0,01299;0,17053
97,60001;1,62669;-0,52387;-0,05040;0,17069
97,70001;1,62806;0,12219;0,01175;0,17084
97,80000;1,63019;-0,02210;-0,00213;0,17106
97,90000;1,63194;-0,49879;-0,04798;0,17124
98,00001;1,63312;0,26016;0,02503;0,17137
98,10001;1,63512;-0,16007;-0,01540;0,17158
98,20001;1,63687;-0,10990;-0,01057;0,17176
98,30000;1,63844;-0,42352;-0,04074;0,17192
98,40000;1,63969;0,17863;0,01718;0,17206
98,50001;1,64187;-0,04717;-0,00454;0,17228
98,60001;1,64362;-0,79358;-0,07634;0,17247
98,70001;1,64481;-0,01581;-0,00152;0,17259
98,80000;1,64656;-0,08482;-0,00816;0,17278
98,90000;1,64850;-0,32943;-0,03169;0,17298
99,00001;1,65019;-0,22280;-0,02143;0,17316
99,10001;1,65137;0,15981;0,01537;0,17328
99,20001;1,65344;-0,09108;-0,00876;0,17350
99,30000;1,65525;-0,19772;-0,01902;0,17369
99,40000;1,65650;-0,07227;-0,00695;0,17382
99,50001;1,65819;0,16608;0,01598;0,17400
99,60001;1,66019;-0,50506;-0,04859;0,17421
99,70001;1,66194;-0,75595;-0,07272;0,17439
99,80000;1,66306;0,28526;0,02744;0,17451
99,90000;1,66506;-0,31062;-0,02988;0,17472
100,00001;1,66687;-0,63677;-0,06126;0,17491
100,10001;1,66825;0,27271;0,02624;0,17505
100,20001;1,66981;-0,01581;-0,00152;0,17522
100,30000;1,67187;-0,66813;-0,06427;0,17543
100,40000;1,67369;-0,37334;-0,03592;0,17562
100,50001;1,67475;0,17863;0,01718;0,17573
100,60001;1,67669;0,20999;0,02020;0,17594
100,70001;1,67856;-0,58033;-0,05583;0,17613
100,80000;1,68006;-0,36079;-0,03471;0,17629
100,90000;1,68144;-0,10990;-0,01057;0,17644
101,00001;1,68356;-0,68697;-0,06609;0,17666
101,10001;1,68531;-0,19772;-0,01902;0,17684
101,20001;1,68650;-0,16636;-0,01600;0,17697
101,30000;1,68819;-0,12871;-0,01238;0,17714
101,40000;1,69019;-0,37334;-0,03592;0,17735
101,50001;1,69181;-0,54897;-0,05281;0,17752
101,60001;1,69306;-0,36706;-0,03531;0,17766
101,70001;1,69512;-0,35453;-0,03411;0,17787
101,80000;1,69687;-0,32317;-0,03109;0,17806
101,90000;1,69825;-0,30433;-0,02928;0,17820
102,00001;1,69981;-0,11618;-0,01118;0,17836
102,10001;1,70181;-0,56778;-0,05462;0,17857
102,20001;1,70356;-0,54897;-0,05281;0,17876
102,30000;1,70469;-0,27297;-0,02626;0,17888
102,40000;1,70681;0,04063;0,00391;0,17910
102,50001;1,70850;-0,55523;-0,05341;0,17928
102,60001;1,71000;-0,68697;-0,06609;0,17943
102,70001;1,71144;-0,03462;-0,00333;0,17958
102,80000;1,71350;-0,37334;-0,03592;0,17980
102,90000;1,71525;-0,34198;-0,03290;0,17998
103,00001;1,71644;0,09709;0,00934;0,18011
103,10001;1,71844;-0,42352;-0,04074;0,18032
103,20001;1,72019;-0,24789;-0,02385;0,18050
103,30000;1,72181;-0,56778;-0,05462;0,18067
103,40000;1,72306;0,24762;0,02382;0,18080
103,50001;1,72525;-0,24789;-0,02385;0,18103
103,60001;1,72700;-0,56152;-0,05402;0,18122
103,70001;1,72812;-0,22280;-0,02143;0,18134
103,80000;1,72994;0,16608;0,01598;0,18153
103,90000;1,73175;-0,94413;-0,09083;0,18172
104,00001;1,73356;-0,58659;-0,05643;0,18191
104,10001;1,73475;-0,02210;-0,00213;0,18203
104,20001;1,73687;-0,34198;-0,03290;0,18225
104,30000;1,73862;-0,47369;-0,04557;0,18244
104,40000;1,73981;-0,24161;-0,02324;0,18256
104,50001;1,74144;0,29153;0,02804;0,18273
104,60001;1,74344;-0,40471;-0,03893;0,18294
104,70001;1,74531;-0,44862;-0,04316;0,18314
104,80000;1,74637;0,27898;0,02684;0,18325
104,90000;1,74844;0,13472;0,01296;0,18347
105,00001;1,75025;-0,25416;-0,02445;0,18366
105,10001;1,75156;-0,00955;-0,00092;0,18379
105,20001;1,75312;-0,09735;-0,00936;0,18396
105,30000;1,75512;-0,35453;-0,03411;0,18417
105,40000;1,75694;-0,68697;-0,06609;0,18436
105,50001;1,75812;0,05946;0,00572;0,18448
105,60001;1,76000;-0,09108;-0,00876;0,18468
105,70001;1,76200;-0,21653;-0,02083;0,18489
105,80000;1,76331;-0,32317;-0,03109;0,18503
105,90000;1,76469;0,04063;0,00391;0,18517
106,00001;1,76681;-0,95039;-0,09143;0,18539
106,10001;1,76862;-0,35453;-0,03411;0,18558
106,20001;1,76987;-0,30433;-0,02928;0,18572
106,30000;1,77156;-0,10363;-0,00997;0,18589
106,40000;1,77356;-0,34198;-0,03290;0,18610
106,50001;1,77512;-0,74340;-0,07152;0,18627
106,60001;1,77637;-0,39216;-0,03773;0,18640
106,70001;1,77850;-0,12871;-0,01238;0,18662
106,80000;1,78025;-0,56152;-0,05402;0,18680
106,90000;1,78156;-0,27297;-0,02626;0,18694
107,00001;1,78312;-0,00955;-0,00092;0,18711
107,10001;1,78525;-0,05346;-0,00514;0,18733
107,20001;1,78687;-0,57404;-0,05522;0,18750
107,30000;1,78806;-0,12245;-0,01178;0,18762
107,40000;1,79012;0,00927;0,00089;0,18784
107,50001;1,79181;-0,85630;-0,08238;0,18802
107,60001;1,79331;-0,53016;-0,05100;0,18818
107,70001;1,79475;-0,04091;-0,00394;0,18833
107,80000;1,79687;-0,28552;-0,02747;0,18855
107,90000;1,79862;-0,60541;-0,05824;0,18873
108,00001;1,79975;-0,03462;-0,00333;0,18885
108,10001;1,80175;-0,29181;-0,02807;0,18906
108,20001;1,80344;-0,47369;-0,04557;0,18924
108,30000;1,80512;-0,64305;-0,06186;0,18941
108,40000;1,80637;-0,16007;-0,01540;0,18955
108,50001;1,80856;-0,61169;-0,05884;0,18978
108,60001;1,81031;-0,76222;-0,07333;0,18996
108,70001;1,81144;0,07199;0,00693;0,19008
108,80000;1,81331;-0,02836;-0,00273;0,19027
108,90000;1,81519;-0,44862;-0,04316;0,19047
109,00001;1,81687;-0,26044;-0,02505;0,19065
109,10001;1,81806;-0,43607;-0,04195;0,19077
109,20001;1,82019;-0,39842;-0,03833;0,19100
109,30000;1,82200;-0,55523;-0,05341;0,19119
109,40000;1,82319;-0,59288;-0,05704;0,19131
109,50001;1,82487;-0,17262;-0,01661;0,19149
109,60001;1,82675;-0,95668;-0,09203;0,19168
109,70001;1,82862;-0,36079;-0,03471;0,19188
109,80000;1,82969;0,69924;0,06727;0,19199
109,90000;1,83175;-0,16007;-0,01540;0,19221
110,00001;1,83356;-0,85004;-0,08177;0,19240
110,10001;1,83494;-0,00955;-0,00092;0,19254
110,20001;1,83644;-0,36079;-0,03471;0,19270
110,30000;1,83850;-0,98804;-0,09505;0,19292
110,40000;1,84025;-0,42352;-0,04074;0,19310
110,50001;1,84144;-0,41726;-0,04014;0,19323
110,60001;1,84337;-0,27926;-0,02686;0,19343
110,70001;1,84525;-0,91277;-0,08781;0,19363
110,80000;1,84675;-0,14754;-0,01419;0,19378
110,90000;1,84806;0,12219;0,01175;0,19392
111,00001;1,85025;-0,53642;-0,05160;0,19415
111,10001;1,85194;-0,76850;-0,07393;0,19433
111,20001;1,85312;-0,41726;-0,04014;0,19445
111,30000;1,85487;0,04692;0,00451;0,19464
111,40000;1,85687;-0,76850;-0,07393;0,19485
111,50001;1,85844;-0,85004;-0,08177;0,19501
111,60001;1,85975;-0,31688;-0,03048;0,19515
111,70001;1,86187;-0,49879;-0,04798;0,19537
111,80000;1,86362;-0,66813;-0,06427;0,19555
111,90000;1,86487;-0,39216;-0,03773;0,19568
112,00001;1,86644;-0,26671;-0,02566;0,19585
112,10001;1,86856;-0,68697;-0,06609;0,19607
112,20001;1,87025;-0,46743;-0,04497;0,19625
112,30000;1,87137;-0,27926;-0,02686;0,19637
112,40000;1,87344;-0,40471;-0,03893;0,19658
112,50001;1,87519;-0,72459;-0,06971;0,19677
112,60001;1,87669;-0,79987;-0,07695;0,19692
112,70001;1,87806;-0,28552;-0,02747;0,19707
112,80000;1,88019;-0,21027;-0,02023;0,19729
112,90001;1,88194;-0,31688;-0,03048;0,19748
113,00001;1,88312;0,02810;0,00270;0,19760
113,10001;1,88506;-0,66813;-0,06427;0,19780
113,20001;1,88687;-0,43607;-0,04195;0,19799
113,30000;1,88844;-0,58659;-0,05643;0,19816
113,40001;1,88969;0,12219;0,01175;0,19829
113,50001;1,89187;-0,48624;-0,04678;0,19852
113,60001;1,89362;-0,64932;-0,06246;0,19870
113,70001;1,89481;-0,10363;-0,00997;0,19883
113,80000;1,89662;0,09709;0,00934;0,19902
113,90001;1,89850;-0,66187;-0,06367;0,19921
114,00001;1,90025;-0,67442;-0,06488;0,19940
114,10001;1,90137;-0,81868;-0,07876;0,19951
114,20001;1,90350;-0,72459;-0,06971;0,19974
114,30000;1,90531;-0,79987;-0,07695;0,19993
114,40001;1,90650;-0,51761;-0,04979;0,20005
114,50001;1,90819;-0,20398;-0,01962;0,20023
114,60001;1,91019;-0,59288;-0,05704;0,20044
114,70001;1,91194;-0,46114;-0,04436;0,20062
114,80000;1,91306;-0,17891;-0,01721;0,20074
114,90001;1,91506;-0,20398;-0,01962;0,20095
115,00001;1,91687;-0,83749;-0,08057;0,20114
115,10001;1,91825;-0,14754;-0,01419;0,20129
115,20001;1,91975;-0,39842;-0,03833;0,20144
115,30000;1,92187;-0,98804;-0,09505;0,20167
115,40001;1,92362;-0,79358;-0,07634;0,20185
115,50001;1,92475;-0,13500;-0,01299;0,20197
115,60001;1,92662;-0,13500;-0,01299;0,20216
115,70001;1,92856;-0,83123;-0,07996;0,20237
115,80000;1,93006;-0,51134;-0,04919;0,20252
115,90001;1,93137;-0,25416;-0,02445;0,20266
116,00001;1,93356;-1,17621;-0,11315;0,20289
116,10001;1,93531;-0,98175;-0,09444;0,20308
116,20001;1,93650;-0,11618;-0,01118;0,20320
116,30000;1,93825;-0,32317;-0,03109;0,20338
116,40001;1,94025;-0,96920;-0,09324;0,20359
116,50001;1,94181;-0,89395;-0,08600;0,20376
116,60001;1,94306;-0,34824;-0,03350;0,20389
116,70001;1,94519;-0,64305;-0,06186;0,20411
116,80000;1,94694;-0,77477;-0,07453;0,20430
116,90001;1,94825;-0,44233;-0,04255;0,20443
117,00001;1,94987;-0,54897;-0,05281;0,20460
117,10001;1,95187;-0,63051;-0,06065;0,20481
117,20001;1,95356;-0,93784;-0,09022;0,20499
117,30000;1,95475;-0,35453;-0,03411;0,20512
117,40001;1,95681;-0,56778;-0,05462;0,20533
117,50001;1,95850;-0,74340;-0,07152;0,20551
117,60001;1,96000;-0,96920;-0,09324;0,20567
117,70001;1,96144;-0,21027;-0,02023;0,20582
117,80000;1,96350;-0,62424;-0,06005;0,20603
117,90001;1,96525;-0,59914;-0,05764;0,20622
118,00001;1,96637;-0,32943;-0,03169;0,20634
118,10001;1,96837;-0,70578;-0,06790;0,20655
118,20001;1,97012;-0,81868;-0,07876;0,20673
118,30000;1,97181;-0,90650;-0,08721;0,20691
118,40001;1,97306;-0,54897;-0,05281;0,20704
118,50001;1,97519;-1,23265;-0,11858;0,20726
118,60001;1,97700;-1,01940;-0,09807;0,20745
118,70001;1,97812;-0,56152;-0,05402;0,20757
118,80000;1,97994;-0,12871;-0,01238;0,20776
118,90001;1,98181;-0,91903;-0,08841;0,20796
119,00001;1,98356;-0,79358;-0,07634;0,20814
119,10001;1,98475;-0,63051;-0,06065;0,20826
119,20001;1,98681;-0,71204;-0,06850;0,20848
119,30000;1,98869;-0,90022;-0,08660;0,20868
119,40001;1,98981;-0,90650;-0,08721;0,20879
119,50001;1,99150;-0,59914;-0,05764;0,20897
119,60001;1,99350;-1,06329;-0,10229;0,20918
119,70001;1,99531;-0,83123;-0,07996;0,20937
119,80000;1,99644;-0,39842;-0,03833;0,20949
119,90001;1,99844;-0,68697;-0,06609;0,20970
120,00001;2,00025;-0,51761;-0,04979;0,20989
120,10001;2,00156;-0,54897;-0,05281;0,21003
120,20001;2,00312;-0,53642;-0,05160;0,21019
120,30000;2,00512;-1,16366;-0,11194;0,21040
120,40001;2,00694;-0,91277;-0,08781;0,21059
120,50001;2,00812;-0,43607;-0,04195;0,21072
120,60001;2,01000;-0,63051;-0,06065;0,21091
120,70001;2,01194;-0,81868;-0,07876;0,21112
120,80000;2,01331;-1,23265;-0,11858;0,21126
120,90001;2,01469;-0,49251;-0,04738;0,21140
121,00001;2,01681;-1,10094;-0,10591;0,21163
121,10001;2,01856;-1,09465;-0,10531;0,21181
121,20001;2,01981;-0,81242;-0,07815;0,21194
121,30000;2,02156;-0,63051;-0,06065;0,21213
121,40001;2,02356;-1,01940;-0,09807;0,21234
121,50001;2,02512;-1,04448;-0,10048;0,21250
121,60001;2,02637;-0,66187;-0,06367;0,21263
121,70001;2,02850;-0,84378;-0,08117;0,21285
121,80000;2,03025;-0,88140;-0,08479;0,21304
121,90001;2,03156;-0,70578;-0,06790;0,21318
122,00001;2,03319;-0,61796;-0,05945;0,21335
122,10001;2,03525;-0,98804;-0,09505;0,21356
122,20001;2,03694;-1,04448;-0,10048;0,21374
122,30000;2,03806;-0,26044;-0,02505;0,21386
122,40001;2,04019;-0,99430;-0,09565;0,21408
122,50001;2,04181;-1,06329;-0,10229;0,21425
122,60001;2,04331;-0,85630;-0,08238;0,21441
122,70001;2,04475;-0,29181;-0,02807;0,21456
122,80000;2,04687;-1,12602;-0,10832;0,21478
122,90001;2,04862;-0,53642;-0,05160;0,21497
123,00001;2,04975;-0,40471;-0,03893;0,21508
123,10001;2,05175;-1,01312;-0,09746;0,21529
123,20001;2,05344;-1,36436;-0,13125;0,21547
123,30000;2,05512;-1,19503;-0,11496;0,21565
123,39001;2,05619;-0,81242;-0,07815;0,21576
